,DataOwnerCode,OperatingDay,LinePlanningNumber,JourneyNumber,ReinforcementNumber,TimingLinkOrder,UserStopCodeBegin,UserStopCodeEnd,Occupancy,VehicleType,TotalNumberOfCoaches,Seats,Occupied Seats
0,QBUZZ,2024-10-09,0,7112,0,1,Gr,Ddr,1,GTW,2,90,0
1,QBUZZ,2024-10-09,0,7114,0,1,Gr,Ddr,1,GTW,5,225,0
2,QBUZZ,2024-10-09,0,7116,0,1,Gr,Ddr,1,GTW,5,225,0
3,QBUZZ,2024-10-09,0,7117,0,1,Ddr,Gr,1,GTW,2,90,0
4,QBUZZ,2024-10-09,0,7118,0,1,Gr,Ddr,1,GTW,5,225,0
5,QBUZZ,2024-10-09,0,7119,0,1,Ddr,Gr,1,GTW,4,180,0
6,QBUZZ,2024-10-09,0,7120,0,1,Gr,Ddr,1,GTW,5,225,0
7,QBUZZ,2024-10-09,0,7121,0,1,Ddr,Gr,1,GTW,5,225,0
8,QBUZZ,2024-10-09,0,7122,0,1,Gr,Ddr,1,GTW,2,90,0
9,QBUZZ,2024-10-09,0,7123,0,1,Ddr,Gr,1,GTW,5,225,0
10,QBUZZ,2024-10-09,0,7124,0,1,Gr,Ddr,1,GTW,2,90,0
11,QBUZZ,2024-10-09,0,7125,0,1,Ddr,Gr,1,GTW,5,225,0
12,QBUZZ,2024-10-09,0,7126,0,1,Gr,Ddr,1,GTW,2,90,0
13,QBUZZ,2024-10-09,0,7127,0,1,Ddr,Gr,1,GTW,2,90,0
14,QBUZZ,2024-10-09,0,7128,0,1,Gr,Ddr,1,GTW,2,90,0
15,QBUZZ,2024-10-09,0,7129,0,1,Ddr,Gr,1,GTW,2,90,0
16,QBUZZ,2024-10-09,0,7130,0,1,Gr,Ddr,1,GTW,2,90,0
17,QBUZZ,2024-10-09,0,7131,0,1,Ddr,Gr,1,GTW,2,90,0
18,QBUZZ,2024-10-09,0,7132,0,1,Gr,Ddr,1,GTW,2,90,0
19,QBUZZ,2024-10-09,0,7133,0,1,Ddr,Gr,1,GTW,2,90,0
20,QBUZZ,2024-10-09,0,7134,0,1,Gr,Ddr,1,GTW,2,90,0
21,QBUZZ,2024-10-09,0,7135,0,1,Ddr,Gr,1,GTW,2,90,0
22,QBUZZ,2024-10-09,0,7136,0,1,Gr,Ddr,1,GTW,2,90,0
23,QBUZZ,2024-10-09,0,7137,0,1,Ddr,Gr,1,GTW,2,90,0
24,QBUZZ,2024-10-09,0,7138,0,1,Gr,Ddr,1,GTW,2,90,0
25,QBUZZ,2024-10-09,0,7139,0,1,Ddr,Gr,1,GTW,2,90,0
26,QBUZZ,2024-10-09,0,7140,0,1,Gr,Ddr,1,GTW,2,90,0
27,QBUZZ,2024-10-09,0,7141,0,1,Ddr,Gr,1,GTW,2,90,0
28,QBUZZ,2024-10-09,0,7142,0,1,Gr,Ddr,1,GTW,2,90,0
29,QBUZZ,2024-10-09,0,7143,0,1,Ddr,Gr,1,GTW,2,90,0
30,QBUZZ,2024-10-09,0,7144,0,1,Gr,Ddr,1,GTW,2,90,0
31,QBUZZ,2024-10-09,0,7145,0,1,Ddr,Gr,1,GTW,2,90,0
32,QBUZZ,2024-10-09,0,7146,0,1,Gr,Ddr,1,GTW,2,90,0
33,QBUZZ,2024-10-09,0,7147,0,1,Ddr,Gr,1,GTW,2,90,0
34,QBUZZ,2024-10-09,0,7148,0,1,Gr,Ddr,1,GTW,2,90,0
35,QBUZZ,2024-10-09,0,7149,0,1,Ddr,Gr,1,GTW,2,90,0
36,QBUZZ,2024-10-09,0,7150,0,1,Gr,Ddr,1,GTW,2,90,0
37,QBUZZ,2024-10-09,0,7151,0,1,Ddr,Gr,1,GTW,2,90,0
38,QBUZZ,2024-10-09,0,7152,0,1,Gr,Ddr,1,GTW,2,90,0
39,QBUZZ,2024-10-09,0,7153,0,1,Ddr,Gr,1,GTW,2,90,0
40,QBUZZ,2024-10-09,0,7154,0,1,Gr,Ddr,1,GTW,5,225,0
41,QBUZZ,2024-10-09,0,7155,0,1,Ddr,Gr,1,GTW,2,90,0
42,QBUZZ,2024-10-09,0,7156,0,1,Gr,Ddr,1,GTW,2,90,0
43,QBUZZ,2024-10-09,0,7157,0,1,Ddr,Gr,1,GTW,2,90,0
44,QBUZZ,2024-10-09,0,7158,0,1,Gr,Ddr,1,GTW,5,225,0
45,QBUZZ,2024-10-09,0,7159,0,1,Ddr,Gr,1,GTW,5,225,0
46,QBUZZ,2024-10-09,0,7160,0,1,Gr,Ddr,1,GTW,2,90,0
47,QBUZZ,2024-10-09,0,7161,0,1,Ddr,Gr,1,GTW,2,90,0
48,QBUZZ,2024-10-09,0,7162,0,1,Gr,Ddr,1,GTW,5,225,0
49,QBUZZ,2024-10-09,0,7163,0,1,Ddr,Gr,1,GTW,5,225,0
50,QBUZZ,2024-10-09,0,7164,0,1,Gr,Ddr,1,GTW,2,90,0
51,QBUZZ,2024-10-09,0,7165,0,1,Ddr,Gr,1,GTW,2,90,0
52,QBUZZ,2024-10-09,0,7167,0,1,Ddr,Gr,1,GTW,5,225,0
53,QBUZZ,2024-10-09,0,7169,0,1,Ddr,Gr,1,GTW,2,90,0
54,QBUZZ,2024-10-09,0,7176,0,1,Gr,Ddr,1,GTW,3,135,0
55,QBUZZ,2024-10-09,0,7177,0,1,Ddr,Gr,1,GTW,2,90,0
56,QBUZZ,2024-10-09,0,7180,0,1,Gr,Ddr,1,GTW,3,135,0
57,QBUZZ,2024-10-09,0,7181,0,1,Ddr,Gr,1,GTW,3,135,0
58,QBUZZ,2024-10-09,0,7184,0,1,Gr,Ddr,1,GTW,3,135,0
59,QBUZZ,2024-10-09,0,7185,0,1,Ddr,Gr,1,GTW,3,135,0
60,QBUZZ,2024-10-09,0,7188,0,1,Gr,Ddr,1,GTW,8,360,0
61,QBUZZ,2024-10-09,0,7189,0,1,Ddr,Gr,1,GTW,3,135,0
62,QBUZZ,2024-10-09,0,7193,0,1,Ddr,Gr,1,GTW,3,135,0
63,QBUZZ,2024-10-09,0,7210,0,1,Gr,Ddr,1,GTW,3,135,0
64,QBUZZ,2024-10-09,0,7212,0,1,Gr,Ddr,1,GTW,3,135,0
65,QBUZZ,2024-10-09,0,7214,0,1,Gdm,Ddr,1,GTW,3,135,0
66,QBUZZ,2024-10-09,0,7215,0,1,Ddr,Gdm,1,GTW,6,270,0
67,QBUZZ,2024-10-09,0,7216,0,1,Gdm,Ddr,1,GTW,3,135,0
68,QBUZZ,2024-10-09,0,7217,0,1,Ddr,Gdm,1,GTW,3,135,0
69,QBUZZ,2024-10-09,0,7218,0,1,Gdm,Ddr,1,GTW,6,270,0
70,QBUZZ,2024-10-09,0,7219,0,1,Ddr,Gdm,1,GTW,6,270,0
71,QBUZZ,2024-10-09,0,7220,0,1,Gdm,Ddr,1,GTW,3,135,0
72,QBUZZ,2024-10-09,0,7221,0,1,Ddr,Gdm,1,GTW,3,135,0
73,QBUZZ,2024-10-09,0,7222,0,1,Gdm,Ddr,1,GTW,3,135,0
74,QBUZZ,2024-10-09,0,7223,0,1,Ddr,Gdm,1,GTW,3,135,0
75,QBUZZ,2024-10-09,0,7224,0,1,Gdm,Ddr,1,GTW,3,135,0
76,QBUZZ,2024-10-09,0,7225,0,1,Ddr,Gdm,1,GTW,3,135,0
77,QBUZZ,2024-10-09,0,7226,0,1,Gdm,Ddr,1,GTW,3,135,0
78,QBUZZ,2024-10-09,0,7227,0,1,Ddr,Gdm,1,GTW,3,135,0
79,QBUZZ,2024-10-09,0,7228,0,1,Gdm,Ddr,1,GTW,3,135,0
80,QBUZZ,2024-10-09,0,7229,0,1,Ddr,Gdm,1,GTW,3,135,0
81,QBUZZ,2024-10-09,0,7230,0,1,Gdm,Ddr,1,GTW,3,135,0
82,QBUZZ,2024-10-09,0,7231,0,1,Ddr,Gdm,1,GTW,3,135,0
83,QBUZZ,2024-10-09,0,7232,0,1,Gdm,Ddr,1,GTW,3,135,0
84,QBUZZ,2024-10-09,0,7233,0,1,Ddr,Gdm,1,GTW,3,135,0
85,QBUZZ,2024-10-09,0,7234,0,1,Gdm,Ddr,1,GTW,3,135,0
86,QBUZZ,2024-10-09,0,7235,0,1,Ddr,Gdm,1,GTW,3,135,0
87,QBUZZ,2024-10-09,0,7236,0,1,Gdm,Ddr,1,GTW,3,135,0
88,QBUZZ,2024-10-09,0,7237,0,1,Ddr,Gdm,1,GTW,3,135,0
89,QBUZZ,2024-10-09,0,7238,0,1,Gdm,Ddr,1,GTW,3,135,0
90,QBUZZ,2024-10-09,0,7239,0,1,Ddr,Gdm,1,GTW,3,135,0
91,QBUZZ,2024-10-09,0,7240,0,1,Gdm,Ddr,1,GTW,3,135,0
92,QBUZZ,2024-10-09,0,7241,0,1,Ddr,Gdm,1,GTW,3,135,0
93,QBUZZ,2024-10-09,0,7242,0,1,Gdm,Ddr,1,GTW,3,135,0
94,QBUZZ,2024-10-09,0,7243,0,1,Ddr,Gdm,1,GTW,3,135,0
95,QBUZZ,2024-10-09,0,7244,0,1,Gdm,Ddr,1,GTW,3,135,0
96,QBUZZ,2024-10-09,0,7245,0,1,Ddr,Gdm,1,GTW,3,135,0
97,QBUZZ,2024-10-09,0,7246,0,1,Gdm,Ddr,1,GTW,3,135,0
98,QBUZZ,2024-10-09,0,7247,0,1,Ddr,Gdm,1,GTW,3,135,0
99,QBUZZ,2024-10-09,0,7248,0,1,Gdm,Ddr,1,GTW,3,135,0
100,QBUZZ,2024-10-09,0,7249,0,1,Ddr,Gdm,1,GTW,3,135,0
101,QBUZZ,2024-10-09,0,7250,0,1,Gdm,Ddr,1,GTW,3,135,0
102,QBUZZ,2024-10-09,0,7251,0,1,Ddr,Gdm,1,GTW,3,135,0
103,QBUZZ,2024-10-09,0,7252,0,1,Gdm,Ddr,1,GTW,3,135,0
104,QBUZZ,2024-10-09,0,7253,0,1,Ddr,Gdm,1,GTW,3,135,0
105,QBUZZ,2024-10-09,0,7254,0,1,Gdm,Ddr,1,GTW,3,135,0
106,QBUZZ,2024-10-09,0,7255,0,1,Ddr,Gdm,1,GTW,3,135,0
107,QBUZZ,2024-10-09,0,7256,0,1,Gdm,Ddr,1,GTW,3,135,0
108,QBUZZ,2024-10-09,0,7257,0,1,Ddr,Gdm,1,GTW,3,135,0
109,QBUZZ,2024-10-09,0,7258,0,1,Gdm,Ddr,1,GTW,3,135,0
110,QBUZZ,2024-10-09,0,7259,0,1,Ddr,Gdm,1,GTW,3,135,0
111,QBUZZ,2024-10-09,0,7260,0,1,Gdm,Ddr,1,GTW,3,135,0
112,QBUZZ,2024-10-09,0,7261,0,1,Ddr,Gdm,1,GTW,3,135,0
113,QBUZZ,2024-10-09,0,7262,0,1,Gdm,Ddr,1,GTW,3,135,0
114,QBUZZ,2024-10-09,0,7263,0,1,Ddr,Gdm,1,GTW,3,135,0
115,QBUZZ,2024-10-09,0,7264,0,1,Gdm,Ddr,1,GTW,6,270,0
116,QBUZZ,2024-10-09,0,7265,0,1,Ddr,Gdm,1,GTW,6,270,0
117,QBUZZ,2024-10-09,0,7266,0,1,Gdm,Ddr,1,GTW,3,135,0
118,QBUZZ,2024-10-09,0,7267,0,1,Ddr,Gdm,1,GTW,3,135,0
119,QBUZZ,2024-10-09,0,7268,0,1,Gdm,Ddr,1,GTW,3,135,0
120,QBUZZ,2024-10-09,0,7269,0,1,Ddr,Gdm,1,GTW,3,135,0
121,QBUZZ,2024-10-09,0,7270,0,1,Gdm,Ddr,1,GTW,3,135,0
122,QBUZZ,2024-10-09,0,7271,0,1,Ddr,Gdm,1,GTW,3,135,0
123,QBUZZ,2024-10-09,0,7272,0,1,Gr,Ddr,1,GTW,3,135,0
124,QBUZZ,2024-10-09,0,7273,0,1,Ddr,Gdm,1,GTW,3,135,0
125,QBUZZ,2024-10-09,0,7274,0,1,Gdm,Ddr,1,GTW,3,135,0
126,QBUZZ,2024-10-09,0,7275,0,1,Ddr,Gdm,1,GTW,3,135,0
127,QBUZZ,2024-10-09,0,7278,0,1,Gdm,Ddr,1,GTW,3,135,0
128,QBUZZ,2024-10-09,0,7279,0,1,Ddr,Gdm,1,GTW,3,135,0
129,QBUZZ,2024-10-09,0,7282,0,1,Gdm,Ddr,1,GTW,3,135,0
130,QBUZZ,2024-10-09,0,7283,0,1,Ddr,Gdm,1,GTW,3,135,0
131,QBUZZ,2024-10-09,0,7286,0,1,Gdm,Ddr,1,GTW,3,135,0
132,QBUZZ,2024-10-09,0,7287,0,1,Ddr,Gdm,1,GTW,3,135,0
133,QBUZZ,2024-10-09,0,7290,0,1,Gdm,Ddr,1,GTW,3,135,0
134,QBUZZ,2024-10-09,0,7291,0,1,Ddr,Gdm,1,GTW,3,135,0
135,QBUZZ,2024-10-10,0,7112,0,1,Gr,Ddr,1,GTW,2,90,0
136,QBUZZ,2024-10-10,0,7114,0,1,Gr,Ddr,1,GTW,5,225,0
137,QBUZZ,2024-10-10,0,7116,0,1,Gr,Ddr,1,GTW,5,225,0
138,QBUZZ,2024-10-10,0,7117,0,1,Ddr,Gr,1,GTW,2,90,0
139,QBUZZ,2024-10-10,0,7118,0,1,Gr,Ddr,1,GTW,5,225,0
140,QBUZZ,2024-10-10,0,7119,0,1,Ddr,Gr,1,GTW,4,180,0
141,QBUZZ,2024-10-10,0,7120,0,1,Gr,Ddr,1,GTW,5,225,0
142,QBUZZ,2024-10-10,0,7121,0,1,Ddr,Gr,1,GTW,5,225,0
143,QBUZZ,2024-10-10,0,7122,0,1,Gr,Ddr,1,GTW,2,90,0
144,QBUZZ,2024-10-10,0,7123,0,1,Ddr,Gr,1,GTW,5,225,0
145,QBUZZ,2024-10-10,0,7124,0,1,Gr,Ddr,1,GTW,2,90,0
146,QBUZZ,2024-10-10,0,7125,0,1,Ddr,Gr,1,GTW,5,225,0
147,QBUZZ,2024-10-10,0,7126,0,1,Gr,Ddr,1,GTW,2,90,0
148,QBUZZ,2024-10-10,0,7127,0,1,Ddr,Gr,1,GTW,2,90,0
149,QBUZZ,2024-10-10,0,7128,0,1,Gr,Ddr,1,GTW,2,90,0
150,QBUZZ,2024-10-10,0,7129,0,1,Ddr,Gr,1,GTW,2,90,0
151,QBUZZ,2024-10-10,0,7130,0,1,Gr,Ddr,1,GTW,2,90,0
152,QBUZZ,2024-10-10,0,7131,0,1,Ddr,Gr,1,GTW,2,90,0
153,QBUZZ,2024-10-10,0,7132,0,1,Gr,Ddr,1,GTW,2,90,0
154,QBUZZ,2024-10-10,0,7133,0,1,Ddr,Gr,1,GTW,2,90,0
155,QBUZZ,2024-10-10,0,7134,0,1,Gr,Ddr,1,GTW,2,90,0
156,QBUZZ,2024-10-10,0,7135,0,1,Ddr,Gr,1,GTW,2,90,0
157,QBUZZ,2024-10-10,0,7136,0,1,Gr,Ddr,1,GTW,2,90,0
158,QBUZZ,2024-10-10,0,7137,0,1,Ddr,Gr,1,GTW,2,90,0
159,QBUZZ,2024-10-10,0,7138,0,1,Gr,Ddr,1,GTW,2,90,0
160,QBUZZ,2024-10-10,0,7139,0,1,Ddr,Gr,1,GTW,2,90,0
161,QBUZZ,2024-10-10,0,7140,0,1,Gr,Ddr,1,GTW,2,90,0
162,QBUZZ,2024-10-10,0,7141,0,1,Ddr,Gr,1,GTW,2,90,0
163,QBUZZ,2024-10-10,0,7142,0,1,Gr,Ddr,1,GTW,2,90,0
164,QBUZZ,2024-10-10,0,7143,0,1,Ddr,Gr,1,GTW,2,90,0
165,QBUZZ,2024-10-10,0,7144,0,1,Gr,Ddr,1,GTW,2,90,0
166,QBUZZ,2024-10-10,0,7145,0,1,Ddr,Gr,1,GTW,2,90,0
167,QBUZZ,2024-10-10,0,7146,0,1,Gr,Ddr,1,GTW,2,90,0
168,QBUZZ,2024-10-10,0,7147,0,1,Ddr,Gr,1,GTW,2,90,0
169,QBUZZ,2024-10-10,0,7148,0,1,Gr,Ddr,1,GTW,2,90,0
170,QBUZZ,2024-10-10,0,7149,0,1,Ddr,Gr,1,GTW,2,90,0
171,QBUZZ,2024-10-10,0,7150,0,1,Gr,Ddr,1,GTW,2,90,0
172,QBUZZ,2024-10-10,0,7151,0,1,Ddr,Gr,1,GTW,2,90,0
173,QBUZZ,2024-10-10,0,7152,0,1,Gr,Ddr,1,GTW,2,90,0
174,QBUZZ,2024-10-10,0,7153,0,1,Ddr,Gr,1,GTW,2,90,0
175,QBUZZ,2024-10-10,0,7154,0,1,Gr,Ddr,1,GTW,5,225,0
176,QBUZZ,2024-10-10,0,7155,0,1,Ddr,Gr,1,GTW,2,90,0
177,QBUZZ,2024-10-10,0,7156,0,1,Gr,Ddr,1,GTW,2,90,0
178,QBUZZ,2024-10-10,0,7157,0,1,Ddr,Gr,1,GTW,2,90,0
179,QBUZZ,2024-10-10,0,7158,0,1,Gr,Ddr,1,GTW,5,225,0
180,QBUZZ,2024-10-10,0,7159,0,1,Ddr,Gr,1,GTW,5,225,0
181,QBUZZ,2024-10-10,0,7160,0,1,Gr,Ddr,1,GTW,2,90,0
182,QBUZZ,2024-10-10,0,7161,0,1,Ddr,Gr,1,GTW,2,90,0
183,QBUZZ,2024-10-10,0,7162,0,1,Gr,Ddr,1,GTW,5,225,0
184,QBUZZ,2024-10-10,0,7163,0,1,Ddr,Gr,1,GTW,5,225,0
185,QBUZZ,2024-10-10,0,7164,0,1,Gr,Ddr,1,GTW,2,90,0
186,QBUZZ,2024-10-10,0,7165,0,1,Ddr,Gr,1,GTW,2,90,0
187,QBUZZ,2024-10-10,0,7167,0,1,Ddr,Gr,1,GTW,5,225,0
188,QBUZZ,2024-10-10,0,7169,0,1,Ddr,Gr,1,GTW,2,90,0
189,QBUZZ,2024-10-10,0,7176,0,1,Gr,Ddr,1,GTW,3,135,0
190,QBUZZ,2024-10-10,0,7177,0,1,Ddr,Gr,1,GTW,2,90,0
191,QBUZZ,2024-10-10,0,7180,0,1,Gr,Ddr,1,GTW,3,135,0
192,QBUZZ,2024-10-10,0,7181,0,1,Ddr,Gr,1,GTW,3,135,0
193,QBUZZ,2024-10-10,0,7184,0,1,Gr,Ddr,1,GTW,3,135,0
194,QBUZZ,2024-10-10,0,7185,0,1,Ddr,Gr,1,GTW,3,135,0
195,QBUZZ,2024-10-10,0,7188,0,1,Gr,Ddr,1,GTW,8,360,0
196,QBUZZ,2024-10-10,0,7189,0,1,Ddr,Gr,1,GTW,3,135,0
197,QBUZZ,2024-10-10,0,7193,0,1,Ddr,Gr,1,GTW,3,135,0
198,QBUZZ,2024-10-10,0,7210,0,1,Gr,Ddr,1,GTW,3,135,0
199,QBUZZ,2024-10-10,0,7212,0,1,Gr,Ddr,1,GTW,3,135,0
200,QBUZZ,2024-10-10,0,7214,0,1,Gdm,Ddr,1,GTW,3,135,0
201,QBUZZ,2024-10-10,0,7215,0,1,Ddr,Gdm,1,GTW,6,270,0
202,QBUZZ,2024-10-10,0,7216,0,1,Gdm,Ddr,1,GTW,3,135,0
203,QBUZZ,2024-10-10,0,7217,0,1,Ddr,Gdm,1,GTW,3,135,0
204,QBUZZ,2024-10-10,0,7218,0,1,Gdm,Ddr,1,GTW,6,270,0
205,QBUZZ,2024-10-10,0,7219,0,1,Ddr,Gdm,1,GTW,6,270,0
206,QBUZZ,2024-10-10,0,7220,0,1,Gdm,Ddr,1,GTW,3,135,0
207,QBUZZ,2024-10-10,0,7221,0,1,Ddr,Gdm,1,GTW,3,135,0
208,QBUZZ,2024-10-10,0,7222,0,1,Gdm,Ddr,1,GTW,3,135,0
209,QBUZZ,2024-10-10,0,7223,0,1,Ddr,Gdm,1,GTW,3,135,0
210,QBUZZ,2024-10-10,0,7224,0,1,Gdm,Ddr,1,GTW,3,135,0
211,QBUZZ,2024-10-10,0,7225,0,1,Ddr,Gdm,1,GTW,3,135,0
212,QBUZZ,2024-10-10,0,7226,0,1,Gdm,Ddr,1,GTW,3,135,0
213,QBUZZ,2024-10-10,0,7227,0,1,Ddr,Gdm,1,GTW,3,135,0
214,QBUZZ,2024-10-10,0,7228,0,1,Gdm,Ddr,1,GTW,3,135,0
215,QBUZZ,2024-10-10,0,7229,0,1,Ddr,Gdm,1,GTW,3,135,0
216,QBUZZ,2024-10-10,0,7230,0,1,Gdm,Ddr,1,GTW,3,135,0
217,QBUZZ,2024-10-10,0,7231,0,1,Ddr,Gdm,1,GTW,3,135,0
218,QBUZZ,2024-10-10,0,7232,0,1,Gdm,Ddr,1,GTW,3,135,0
219,QBUZZ,2024-10-10,0,7233,0,1,Ddr,Gdm,1,GTW,3,135,0
220,QBUZZ,2024-10-10,0,7234,0,1,Gdm,Ddr,1,GTW,3,135,0
221,QBUZZ,2024-10-10,0,7235,0,1,Ddr,Gdm,1,GTW,3,135,0
222,QBUZZ,2024-10-10,0,7236,0,1,Gdm,Ddr,1,GTW,3,135,0
223,QBUZZ,2024-10-10,0,7237,0,1,Ddr,Gdm,1,GTW,3,135,0
224,QBUZZ,2024-10-10,0,7238,0,1,Gdm,Ddr,1,GTW,3,135,0
225,QBUZZ,2024-10-10,0,7239,0,1,Ddr,Gdm,1,GTW,3,135,0
226,QBUZZ,2024-10-10,0,7240,0,1,Gdm,Ddr,1,GTW,3,135,0
227,QBUZZ,2024-10-10,0,7241,0,1,Ddr,Gdm,1,GTW,3,135,0
228,QBUZZ,2024-10-10,0,7242,0,1,Gdm,Ddr,1,GTW,3,135,0
229,QBUZZ,2024-10-10,0,7243,0,1,Ddr,Gdm,1,GTW,3,135,0
230,QBUZZ,2024-10-10,0,7244,0,1,Gdm,Ddr,1,GTW,3,135,0
231,QBUZZ,2024-10-10,0,7245,0,1,Ddr,Gdm,1,GTW,3,135,0
232,QBUZZ,2024-10-10,0,7246,0,1,Gdm,Ddr,1,GTW,3,135,0
233,QBUZZ,2024-10-10,0,7247,0,1,Ddr,Gdm,1,GTW,3,135,0
234,QBUZZ,2024-10-10,0,7248,0,1,Gdm,Ddr,1,GTW,3,135,0
235,QBUZZ,2024-10-10,0,7249,0,1,Ddr,Gdm,1,GTW,3,135,0
236,QBUZZ,2024-10-10,0,7250,0,1,Gdm,Ddr,1,GTW,3,135,0
237,QBUZZ,2024-10-10,0,7251,0,1,Ddr,Gdm,1,GTW,3,135,0
238,QBUZZ,2024-10-10,0,7252,0,1,Gdm,Ddr,1,GTW,3,135,0
239,QBUZZ,2024-10-10,0,7253,0,1,Ddr,Gdm,1,GTW,3,135,0
240,QBUZZ,2024-10-10,0,7254,0,1,Gdm,Ddr,1,GTW,3,135,0
241,QBUZZ,2024-10-10,0,7255,0,1,Ddr,Gdm,1,GTW,3,135,0
242,QBUZZ,2024-10-10,0,7256,0,1,Gdm,Ddr,1,GTW,3,135,0
243,QBUZZ,2024-10-10,0,7257,0,1,Ddr,Gdm,1,GTW,3,135,0
244,QBUZZ,2024-10-10,0,7258,0,1,Gdm,Ddr,1,GTW,3,135,0
245,QBUZZ,2024-10-10,0,7259,0,1,Ddr,Gdm,1,GTW,3,135,0
246,QBUZZ,2024-10-10,0,7260,0,1,Gdm,Ddr,1,GTW,3,135,0
247,QBUZZ,2024-10-10,0,7261,0,1,Ddr,Gdm,1,GTW,3,135,0
248,QBUZZ,2024-10-10,0,7262,0,1,Gdm,Ddr,1,GTW,3,135,0
249,QBUZZ,2024-10-10,0,7263,0,1,Ddr,Gdm,1,GTW,3,135,0
250,QBUZZ,2024-10-10,0,7264,0,1,Gdm,Ddr,1,GTW,6,270,0
251,QBUZZ,2024-10-10,0,7265,0,1,Ddr,Gdm,1,GTW,6,270,0
252,QBUZZ,2024-10-10,0,7266,0,1,Gdm,Ddr,1,GTW,3,135,0
253,QBUZZ,2024-10-10,0,7267,0,1,Ddr,Gdm,1,GTW,3,135,0
254,QBUZZ,2024-10-10,0,7268,0,1,Gdm,Ddr,1,GTW,3,135,0
255,QBUZZ,2024-10-10,0,7269,0,1,Ddr,Gdm,1,GTW,3,135,0
256,QBUZZ,2024-10-10,0,7270,0,1,Gdm,Ddr,1,GTW,3,135,0
257,QBUZZ,2024-10-10,0,7271,0,1,Ddr,Gdm,1,GTW,3,135,0
258,QBUZZ,2024-10-10,0,7272,0,1,Gdm,Ddr,1,GTW,3,135,0
259,QBUZZ,2024-10-10,0,7273,0,1,Ddr,Gdm,1,GTW,3,135,0
260,QBUZZ,2024-10-10,0,7274,0,1,Gdm,Ddr,1,GTW,3,135,0
261,QBUZZ,2024-10-10,0,7275,0,1,Ddr,Gdm,1,GTW,3,135,0
262,QBUZZ,2024-10-10,0,7278,0,1,Gdm,Ddr,1,GTW,3,135,0
263,QBUZZ,2024-10-10,0,7279,0,1,Ddr,Gdm,1,GTW,3,135,0
264,QBUZZ,2024-10-10,0,7282,0,1,Gdm,Ddr,1,GTW,3,135,0
265,QBUZZ,2024-10-10,0,7283,0,1,Ddr,Gdm,1,GTW,3,135,0
266,QBUZZ,2024-10-10,0,7286,0,1,Gdm,Ddr,1,GTW,3,135,0
267,QBUZZ,2024-10-10,0,7287,0,1,Ddr,Gdm,1,GTW,3,135,0
268,QBUZZ,2024-10-10,0,7290,0,1,Gdm,Ddr,1,GTW,3,135,0
269,QBUZZ,2024-10-10,0,7291,0,1,Ddr,Gdm,1,GTW,3,135,0
270,QBUZZ,2024-10-07,0,7112,0,1,Gr,Ddr,1,GTW,2,90,0
271,QBUZZ,2024-10-07,0,7114,0,1,Gr,Ddr,1,GTW,5,225,0
272,QBUZZ,2024-10-07,0,7116,0,1,Gr,Ddr,1,GTW,5,225,0
273,QBUZZ,2024-10-07,0,7117,0,1,Ddr,Gr,1,GTW,2,90,0
274,QBUZZ,2024-10-07,0,7118,0,1,Gr,Ddr,1,GTW,5,225,0
275,QBUZZ,2024-10-07,0,7119,0,1,Ddr,Gr,1,GTW,4,180,0
276,QBUZZ,2024-10-07,0,7120,0,1,Gr,Ddr,1,GTW,5,225,0
277,QBUZZ,2024-10-07,0,7121,0,1,Ddr,Gr,1,GTW,5,225,0
278,QBUZZ,2024-10-07,0,7122,0,1,Gr,Ddr,1,GTW,2,90,0
279,QBUZZ,2024-10-07,0,7123,0,1,Ddr,Gr,1,GTW,5,225,0
280,QBUZZ,2024-10-07,0,7124,0,1,Gr,Ddr,1,GTW,2,90,0
281,QBUZZ,2024-10-07,0,7125,0,1,Ddr,Gr,1,GTW,5,225,0
282,QBUZZ,2024-10-07,0,7126,0,1,Gr,Ddr,1,GTW,2,90,0
283,QBUZZ,2024-10-07,0,7127,0,1,Ddr,Gr,1,GTW,2,90,0
284,QBUZZ,2024-10-07,0,7128,0,1,Gr,Ddr,1,GTW,2,90,0
285,QBUZZ,2024-10-07,0,7129,0,1,Ddr,Gr,1,GTW,2,90,0
286,QBUZZ,2024-10-07,0,7130,0,1,Gr,Ddr,1,GTW,2,90,0
287,QBUZZ,2024-10-07,0,7131,0,1,Ddr,Gr,1,GTW,2,90,0
288,QBUZZ,2024-10-07,0,7132,0,1,Gr,Ddr,1,GTW,2,90,0
289,QBUZZ,2024-10-07,0,7133,0,1,Ddr,Gr,1,GTW,2,90,0
290,QBUZZ,2024-10-07,0,7134,0,1,Gr,Ddr,1,GTW,2,90,0
291,QBUZZ,2024-10-07,0,7135,0,1,Ddr,Gr,1,GTW,2,90,0
292,QBUZZ,2024-10-07,0,7136,0,1,Gr,Ddr,1,GTW,2,90,0
293,QBUZZ,2024-10-07,0,7137,0,1,Ddr,Gr,1,GTW,2,90,0
294,QBUZZ,2024-10-07,0,7138,0,1,Gr,Ddr,1,GTW,2,90,0
295,QBUZZ,2024-10-07,0,7139,0,1,Ddr,Gr,1,GTW,2,90,0
296,QBUZZ,2024-10-07,0,7140,0,1,Gr,Ddr,1,GTW,2,90,0
297,QBUZZ,2024-10-07,0,7141,0,1,Ddr,Gr,1,GTW,2,90,0
298,QBUZZ,2024-10-07,0,7142,0,1,Gr,Ddr,1,GTW,2,90,0
299,QBUZZ,2024-10-07,0,7143,0,1,Ddr,Gr,1,GTW,2,90,0
300,QBUZZ,2024-10-07,0,7144,0,1,Gr,Ddr,1,GTW,2,90,0
301,QBUZZ,2024-10-07,0,7145,0,1,Ddr,Gr,1,GTW,2,90,0
302,QBUZZ,2024-10-07,0,7146,0,1,Gr,Ddr,1,GTW,2,90,0
303,QBUZZ,2024-10-07,0,7147,0,1,Ddr,Gr,1,GTW,2,90,0
304,QBUZZ,2024-10-07,0,7148,0,1,Gr,Ddr,1,GTW,2,90,0
305,QBUZZ,2024-10-07,0,7149,0,1,Ddr,Gr,1,GTW,2,90,0
306,QBUZZ,2024-10-07,0,7150,0,1,Gr,Ddr,1,GTW,2,90,0
307,QBUZZ,2024-10-07,0,7151,0,1,Ddr,Gr,1,GTW,2,90,0
308,QBUZZ,2024-10-07,0,7152,0,1,Gr,Ddr,1,GTW,2,90,0
309,QBUZZ,2024-10-07,0,7153,0,1,Ddr,Gr,1,GTW,2,90,0
310,QBUZZ,2024-10-07,0,7154,0,1,Gr,Ddr,1,GTW,5,225,0
311,QBUZZ,2024-10-07,0,7155,0,1,Ddr,Gr,1,GTW,2,90,0
312,QBUZZ,2024-10-07,0,7156,0,1,Gr,Ddr,1,GTW,2,90,0
313,QBUZZ,2024-10-07,0,7157,0,1,Ddr,Gr,1,GTW,2,90,0
314,QBUZZ,2024-10-07,0,7158,0,1,Gr,Ddr,1,GTW,5,225,0
315,QBUZZ,2024-10-07,0,7159,0,1,Ddr,Gr,1,GTW,5,225,0
316,QBUZZ,2024-10-07,0,7160,0,1,Gr,Ddr,1,GTW,2,90,0
317,QBUZZ,2024-10-07,0,7161,0,1,Ddr,Gr,1,GTW,2,90,0
318,QBUZZ,2024-10-07,0,7162,0,1,Gr,Ddr,1,GTW,5,225,0
319,QBUZZ,2024-10-07,0,7163,0,1,Ddr,Gr,1,GTW,5,225,0
320,QBUZZ,2024-10-07,0,7164,0,1,Gr,Ddr,1,GTW,2,90,0
321,QBUZZ,2024-10-07,0,7165,0,1,Ddr,Gr,1,GTW,2,90,0
322,QBUZZ,2024-10-07,0,7167,0,1,Ddr,Gr,1,GTW,5,225,0
323,QBUZZ,2024-10-07,0,7169,0,1,Ddr,Gr,1,GTW,2,90,0
324,QBUZZ,2024-10-07,0,7176,0,1,Gr,Ddr,1,GTW,3,135,0
325,QBUZZ,2024-10-07,0,7177,0,1,Ddr,Gr,1,GTW,2,90,0
326,QBUZZ,2024-10-07,0,7180,0,1,Gr,Ddr,1,GTW,3,135,0
327,QBUZZ,2024-10-07,0,7181,0,1,Ddr,Gr,1,GTW,3,135,0
328,QBUZZ,2024-10-07,0,7184,0,1,Gr,Ddr,1,GTW,3,135,0
329,QBUZZ,2024-10-07,0,7185,0,1,Ddr,Gr,1,GTW,3,135,0
330,QBUZZ,2024-10-07,0,7188,0,1,Gr,Ddr,1,GTW,8,360,0
331,QBUZZ,2024-10-07,0,7189,0,1,Ddr,Gr,1,GTW,3,135,0
332,QBUZZ,2024-10-07,0,7193,0,1,Ddr,Gr,1,GTW,3,135,0
333,QBUZZ,2024-10-07,0,7210,0,1,Gr,Ddr,1,GTW,3,135,0
334,QBUZZ,2024-10-07,0,7212,0,1,Gr,Ddr,1,GTW,3,135,0
335,QBUZZ,2024-10-07,0,7214,0,1,Gdm,Ddr,1,GTW,3,135,0
336,QBUZZ,2024-10-07,0,7215,0,1,Ddr,Gdm,1,GTW,6,270,0
337,QBUZZ,2024-10-07,0,7216,0,1,Gdm,Ddr,1,GTW,3,135,0
338,QBUZZ,2024-10-07,0,7217,0,1,Ddr,Gdm,1,GTW,3,135,0
339,QBUZZ,2024-10-07,0,7218,0,1,Gdm,Ddr,1,GTW,6,270,0
340,QBUZZ,2024-10-07,0,7219,0,1,Ddr,Gdm,1,GTW,6,270,0
341,QBUZZ,2024-10-07,0,7220,0,1,Gdm,Ddr,1,GTW,3,135,0
342,QBUZZ,2024-10-07,0,7221,0,1,Ddr,Gdm,1,GTW,3,135,0
343,QBUZZ,2024-10-07,0,7222,0,1,Gdm,Ddr,1,GTW,3,135,0
344,QBUZZ,2024-10-07,0,7223,0,1,Ddr,Gdm,1,GTW,3,135,0
345,QBUZZ,2024-10-07,0,7224,0,1,Gdm,Ddr,1,GTW,3,135,0
346,QBUZZ,2024-10-07,0,7225,0,1,Ddr,Gdm,1,GTW,3,135,0
347,QBUZZ,2024-10-07,0,7226,0,1,Gdm,Ddr,1,GTW,3,135,0
348,QBUZZ,2024-10-07,0,7227,0,1,Ddr,Gdm,1,GTW,3,135,0
349,QBUZZ,2024-10-07,0,7228,0,1,Gdm,Ddr,1,GTW,3,135,0
350,QBUZZ,2024-10-07,0,7229,0,1,Ddr,Gdm,1,GTW,3,135,0
351,QBUZZ,2024-10-07,0,7230,0,1,Gdm,Ddr,1,GTW,3,135,0
352,QBUZZ,2024-10-07,0,7231,0,1,Ddr,Gdm,1,GTW,3,135,0
353,QBUZZ,2024-10-07,0,7232,0,1,Gdm,Ddr,1,GTW,3,135,0
354,QBUZZ,2024-10-07,0,7233,0,1,Ddr,Gdm,1,GTW,3,135,0
355,QBUZZ,2024-10-07,0,7234,0,1,Gdm,Ddr,1,GTW,3,135,0
356,QBUZZ,2024-10-07,0,7235,0,1,Ddr,Gdm,1,GTW,3,135,0
357,QBUZZ,2024-10-07,0,7236,0,1,Gdm,Ddr,1,GTW,3,135,0
358,QBUZZ,2024-10-07,0,7237,0,1,Ddr,Gdm,1,GTW,3,135,0
359,QBUZZ,2024-10-07,0,7238,0,1,Gdm,Ddr,1,GTW,3,135,0
360,QBUZZ,2024-10-07,0,7239,0,1,Ddr,Gdm,1,GTW,3,135,0
361,QBUZZ,2024-10-07,0,7240,0,1,Gdm,Ddr,1,GTW,3,135,0
362,QBUZZ,2024-10-07,0,7241,0,1,Ddr,Gdm,1,GTW,3,135,0
363,QBUZZ,2024-10-07,0,7242,0,1,Gdm,Ddr,1,GTW,3,135,0
364,QBUZZ,2024-10-07,0,7243,0,1,Ddr,Gdm,1,GTW,3,135,0
365,QBUZZ,2024-10-07,0,7244,0,1,Gdm,Ddr,1,GTW,3,135,0
366,QBUZZ,2024-10-07,0,7245,0,1,Ddr,Gdm,1,GTW,3,135,0
367,QBUZZ,2024-10-07,0,7246,0,1,Gdm,Ddr,1,GTW,3,135,0
368,QBUZZ,2024-10-07,0,7247,0,1,Ddr,Gdm,1,GTW,3,135,0
369,QBUZZ,2024-10-07,0,7248,0,1,Gdm,Ddr,1,GTW,3,135,0
370,QBUZZ,2024-10-07,0,7249,0,1,Ddr,Gdm,1,GTW,3,135,0
371,QBUZZ,2024-10-07,0,7250,0,1,Gdm,Ddr,1,GTW,3,135,0
372,QBUZZ,2024-10-07,0,7251,0,1,Ddr,Gdm,1,GTW,3,135,0
373,QBUZZ,2024-10-07,0,7252,0,1,Gdm,Ddr,1,GTW,3,135,0
374,QBUZZ,2024-10-07,0,7253,0,1,Ddr,Gdm,1,GTW,3,135,0
375,QBUZZ,2024-10-07,0,7254,0,1,Gdm,Ddr,1,GTW,3,135,0
376,QBUZZ,2024-10-07,0,7255,0,1,Ddr,Gdm,1,GTW,3,135,0
377,QBUZZ,2024-10-07,0,7256,0,1,Gdm,Ddr,1,GTW,3,135,0
378,QBUZZ,2024-10-07,0,7257,0,1,Ddr,Gdm,1,GTW,3,135,0
379,QBUZZ,2024-10-07,0,7258,0,1,Gdm,Ddr,1,GTW,3,135,0
380,QBUZZ,2024-10-07,0,7259,0,1,Ddr,Gdm,1,GTW,3,135,0
381,QBUZZ,2024-10-07,0,7260,0,1,Gdm,Ddr,1,GTW,3,135,0
382,QBUZZ,2024-10-07,0,7261,0,1,Ddr,Gdm,1,GTW,3,135,0
383,QBUZZ,2024-10-07,0,7262,0,1,Gdm,Ddr,1,GTW,3,135,0
384,QBUZZ,2024-10-07,0,7263,0,1,Ddr,Gdm,1,GTW,3,135,0
385,QBUZZ,2024-10-07,0,7264,0,1,Gdm,Ddr,1,GTW,6,270,0
386,QBUZZ,2024-10-07,0,7265,0,1,Ddr,Gdm,1,GTW,6,270,0
387,QBUZZ,2024-10-07,0,7266,0,1,Gdm,Ddr,1,GTW,3,135,0
388,QBUZZ,2024-10-07,0,7267,0,1,Ddr,Gdm,1,GTW,3,135,0
389,QBUZZ,2024-10-07,0,7268,0,1,Gdm,Ddr,1,GTW,3,135,0
390,QBUZZ,2024-10-07,0,7269,0,1,Ddr,Gdm,1,GTW,3,135,0
391,QBUZZ,2024-10-07,0,7270,0,1,Gdm,Ddr,1,GTW,3,135,0
392,QBUZZ,2024-10-07,0,7271,0,1,Ddr,Gdm,1,GTW,3,135,0
393,QBUZZ,2024-10-07,0,7272,0,1,Gr,Ddr,1,GTW,3,135,0
394,QBUZZ,2024-10-07,0,7273,0,1,Ddr,Gdm,1,GTW,3,135,0
395,QBUZZ,2024-10-07,0,7274,0,1,Gdm,Ddr,1,GTW,3,135,0
396,QBUZZ,2024-10-07,0,7275,0,1,Ddr,Gdm,1,GTW,3,135,0
397,QBUZZ,2024-10-07,0,7278,0,1,Gdm,Ddr,1,GTW,3,135,0
398,QBUZZ,2024-10-07,0,7279,0,1,Ddr,Gdm,1,GTW,3,135,0
399,QBUZZ,2024-10-07,0,7282,0,1,Gdm,Ddr,1,GTW,3,135,0
400,QBUZZ,2024-10-07,0,7283,0,1,Ddr,Gdm,1,GTW,3,135,0
401,QBUZZ,2024-10-07,0,7286,0,1,Gdm,Ddr,1,GTW,3,135,0
402,QBUZZ,2024-10-07,0,7287,0,1,Ddr,Gdm,1,GTW,3,135,0
403,QBUZZ,2024-10-07,0,7290,0,1,Gdm,Ddr,1,GTW,3,135,0
404,QBUZZ,2024-10-07,0,7291,0,1,Ddr,Gdm,1,GTW,3,135,0
405,QBUZZ,2024-10-08,0,7112,0,1,Gr,Ddr,1,GTW,2,90,0
406,QBUZZ,2024-10-08,0,7114,0,1,Gr,Ddr,1,GTW,5,225,0
407,QBUZZ,2024-10-08,0,7116,0,1,Gr,Ddr,1,GTW,5,225,0
408,QBUZZ,2024-10-08,0,7117,0,1,Ddr,Gr,1,GTW,2,90,0
409,QBUZZ,2024-10-08,0,7118,0,1,Gr,Ddr,1,GTW,5,225,0
410,QBUZZ,2024-10-08,0,7119,0,1,Ddr,Gr,1,GTW,4,180,0
411,QBUZZ,2024-10-08,0,7120,0,1,Gr,Ddr,1,GTW,5,225,0
412,QBUZZ,2024-10-08,0,7121,0,1,Ddr,Gr,1,GTW,5,225,0
413,QBUZZ,2024-10-08,0,7122,0,1,Gr,Ddr,1,GTW,2,90,0
414,QBUZZ,2024-10-08,0,7123,0,1,Ddr,Gr,1,GTW,5,225,0
415,QBUZZ,2024-10-08,0,7124,0,1,Gr,Ddr,1,GTW,2,90,0
416,QBUZZ,2024-10-08,0,7125,0,1,Ddr,Gr,1,GTW,5,225,0
417,QBUZZ,2024-10-08,0,7126,0,1,Gr,Ddr,1,GTW,2,90,0
418,QBUZZ,2024-10-08,0,7127,0,1,Ddr,Gr,1,GTW,2,90,0
419,QBUZZ,2024-10-08,0,7128,0,1,Gr,Ddr,1,GTW,2,90,0
420,QBUZZ,2024-10-08,0,7129,0,1,Ddr,Gr,1,GTW,2,90,0
421,QBUZZ,2024-10-08,0,7130,0,1,Gr,Ddr,1,GTW,2,90,0
422,QBUZZ,2024-10-08,0,7131,0,1,Ddr,Gr,1,GTW,2,90,0
423,QBUZZ,2024-10-08,0,7132,0,1,Gr,Ddr,1,GTW,2,90,0
424,QBUZZ,2024-10-08,0,7133,0,1,Ddr,Gr,1,GTW,2,90,0
425,QBUZZ,2024-10-08,0,7134,0,1,Gr,Ddr,1,GTW,2,90,0
426,QBUZZ,2024-10-08,0,7135,0,1,Ddr,Gr,1,GTW,2,90,0
427,QBUZZ,2024-10-08,0,7136,0,1,Gr,Ddr,1,GTW,2,90,0
428,QBUZZ,2024-10-08,0,7137,0,1,Ddr,Gr,1,GTW,2,90,0
429,QBUZZ,2024-10-08,0,7138,0,1,Gr,Ddr,1,GTW,2,90,0
430,QBUZZ,2024-10-08,0,7139,0,1,Ddr,Gr,1,GTW,2,90,0
431,QBUZZ,2024-10-08,0,7140,0,1,Gr,Ddr,1,GTW,2,90,0
432,QBUZZ,2024-10-08,0,7141,0,1,Ddr,Gr,1,GTW,2,90,0
433,QBUZZ,2024-10-08,0,7142,0,1,Gr,Ddr,1,GTW,2,90,0
434,QBUZZ,2024-10-08,0,7143,0,1,Ddr,Gr,1,GTW,2,90,0
435,QBUZZ,2024-10-08,0,7144,0,1,Gr,Ddr,1,GTW,2,90,0
436,QBUZZ,2024-10-08,0,7145,0,1,Ddr,Gr,1,GTW,2,90,0
437,QBUZZ,2024-10-08,0,7146,0,1,Gr,Ddr,1,GTW,2,90,0
438,QBUZZ,2024-10-08,0,7147,0,1,Ddr,Gr,1,GTW,2,90,0
439,QBUZZ,2024-10-08,0,7148,0,1,Gr,Ddr,1,GTW,2,90,0
440,QBUZZ,2024-10-08,0,7149,0,1,Ddr,Gr,1,GTW,2,90,0
441,QBUZZ,2024-10-08,0,7150,0,1,Gr,Ddr,1,GTW,2,90,0
442,QBUZZ,2024-10-08,0,7151,0,1,Ddr,Gr,1,GTW,2,90,0
443,QBUZZ,2024-10-08,0,7152,0,1,Gr,Ddr,1,GTW,2,90,0
444,QBUZZ,2024-10-08,0,7153,0,1,Ddr,Gr,1,GTW,2,90,0
445,QBUZZ,2024-10-08,0,7154,0,1,Gr,Ddr,1,GTW,5,225,0
446,QBUZZ,2024-10-08,0,7155,0,1,Ddr,Gr,1,GTW,2,90,0
447,QBUZZ,2024-10-08,0,7156,0,1,Gr,Ddr,1,GTW,2,90,0
448,QBUZZ,2024-10-08,0,7157,0,1,Ddr,Gr,1,GTW,2,90,0
449,QBUZZ,2024-10-08,0,7158,0,1,Gr,Ddr,1,GTW,5,225,0
450,QBUZZ,2024-10-08,0,7159,0,1,Ddr,Gr,1,GTW,5,225,0
451,QBUZZ,2024-10-08,0,7160,0,1,Gr,Ddr,1,GTW,2,90,0
452,QBUZZ,2024-10-08,0,7161,0,1,Ddr,Gr,1,GTW,2,90,0
453,QBUZZ,2024-10-08,0,7162,0,1,Gr,Ddr,1,GTW,5,225,0
454,QBUZZ,2024-10-08,0,7163,0,1,Ddr,Gr,1,GTW,5,225,0
455,QBUZZ,2024-10-08,0,7164,0,1,Gr,Ddr,1,GTW,2,90,0
456,QBUZZ,2024-10-08,0,7165,0,1,Ddr,Gr,1,GTW,2,90,0
457,QBUZZ,2024-10-08,0,7167,0,1,Ddr,Gr,1,GTW,5,225,0
458,QBUZZ,2024-10-08,0,7169,0,1,Ddr,Gr,1,GTW,2,90,0
459,QBUZZ,2024-10-08,0,7176,0,1,Gr,Ddr,1,GTW,3,135,0
460,QBUZZ,2024-10-08,0,7177,0,1,Ddr,Gr,1,GTW,2,90,0
461,QBUZZ,2024-10-08,0,7180,0,1,Gr,Ddr,1,GTW,3,135,0
462,QBUZZ,2024-10-08,0,7181,0,1,Ddr,Gr,1,GTW,3,135,0
463,QBUZZ,2024-10-08,0,7184,0,1,Gr,Ddr,1,GTW,3,135,0
464,QBUZZ,2024-10-08,0,7185,0,1,Ddr,Gr,1,GTW,3,135,0
465,QBUZZ,2024-10-08,0,7188,0,1,Gr,Ddr,1,GTW,8,360,0
466,QBUZZ,2024-10-08,0,7189,0,1,Ddr,Gr,1,GTW,3,135,0
467,QBUZZ,2024-10-08,0,7193,0,1,Ddr,Gr,1,GTW,3,135,0
468,QBUZZ,2024-10-08,0,7210,0,1,Gr,Ddr,1,GTW,3,135,0
469,QBUZZ,2024-10-08,0,7212,0,1,Gr,Ddr,1,GTW,3,135,0
470,QBUZZ,2024-10-08,0,7214,0,1,Gdm,Ddr,1,GTW,3,135,0
471,QBUZZ,2024-10-08,0,7215,0,1,Ddr,Gdm,1,GTW,6,270,0
472,QBUZZ,2024-10-08,0,7216,0,1,Gdm,Ddr,1,GTW,3,135,0
473,QBUZZ,2024-10-08,0,7217,0,1,Ddr,Gdm,1,GTW,3,135,0
474,QBUZZ,2024-10-08,0,7218,0,1,Gdm,Ddr,1,GTW,6,270,0
475,QBUZZ,2024-10-08,0,7219,0,1,Ddr,Gdm,1,GTW,6,270,0
476,QBUZZ,2024-10-08,0,7220,0,1,Gdm,Ddr,1,GTW,3,135,0
477,QBUZZ,2024-10-08,0,7221,0,1,Ddr,Gdm,1,GTW,3,135,0
478,QBUZZ,2024-10-08,0,7222,0,1,Gdm,Ddr,1,GTW,3,135,0
479,QBUZZ,2024-10-08,0,7223,0,1,Ddr,Gdm,1,GTW,3,135,0
480,QBUZZ,2024-10-08,0,7224,0,1,Gdm,Ddr,1,GTW,3,135,0
481,QBUZZ,2024-10-08,0,7225,0,1,Ddr,Gdm,1,GTW,3,135,0
482,QBUZZ,2024-10-08,0,7226,0,1,Gdm,Ddr,1,GTW,3,135,0
483,QBUZZ,2024-10-08,0,7227,0,1,Ddr,Gdm,1,GTW,3,135,0
484,QBUZZ,2024-10-08,0,7228,0,1,Gdm,Ddr,1,GTW,3,135,0
485,QBUZZ,2024-10-08,0,7229,0,1,Ddr,Gdm,1,GTW,3,135,0
486,QBUZZ,2024-10-08,0,7230,0,1,Gdm,Ddr,1,GTW,3,135,0
487,QBUZZ,2024-10-08,0,7231,0,1,Ddr,Gdm,1,GTW,3,135,0
488,QBUZZ,2024-10-08,0,7232,0,1,Gdm,Ddr,1,GTW,3,135,0
489,QBUZZ,2024-10-08,0,7233,0,1,Ddr,Gdm,1,GTW,3,135,0
490,QBUZZ,2024-10-08,0,7234,0,1,Gdm,Ddr,1,GTW,3,135,0
491,QBUZZ,2024-10-08,0,7235,0,1,Ddr,Gdm,1,GTW,3,135,0
492,QBUZZ,2024-10-08,0,7236,0,1,Gdm,Ddr,1,GTW,3,135,0
493,QBUZZ,2024-10-08,0,7237,0,1,Ddr,Gdm,1,GTW,3,135,0
494,QBUZZ,2024-10-08,0,7238,0,1,Gdm,Ddr,1,GTW,3,135,0
495,QBUZZ,2024-10-08,0,7239,0,1,Ddr,Gdm,1,GTW,3,135,0
496,QBUZZ,2024-10-08,0,7240,0,1,Gdm,Ddr,1,GTW,3,135,0
497,QBUZZ,2024-10-08,0,7241,0,1,Ddr,Gdm,1,GTW,3,135,0
498,QBUZZ,2024-10-08,0,7242,0,1,Gdm,Ddr,1,GTW,3,135,0
499,QBUZZ,2024-10-08,0,7243,0,1,Ddr,Gdm,1,GTW,3,135,0
500,QBUZZ,2024-10-08,0,7244,0,1,Gdm,Ddr,1,GTW,3,135,0
501,QBUZZ,2024-10-08,0,7245,0,1,Ddr,Gdm,1,GTW,3,135,0
502,QBUZZ,2024-10-08,0,7246,0,1,Gdm,Ddr,1,GTW,3,135,0
503,QBUZZ,2024-10-08,0,7247,0,1,Ddr,Gdm,1,GTW,3,135,0
504,QBUZZ,2024-10-08,0,7248,0,1,Gdm,Ddr,1,GTW,3,135,0
505,QBUZZ,2024-10-08,0,7249,0,1,Ddr,Gdm,1,GTW,3,135,0
506,QBUZZ,2024-10-08,0,7250,0,1,Gdm,Ddr,1,GTW,3,135,0
507,QBUZZ,2024-10-08,0,7251,0,1,Ddr,Gdm,1,GTW,3,135,0
508,QBUZZ,2024-10-08,0,7252,0,1,Gdm,Ddr,1,GTW,3,135,0
509,QBUZZ,2024-10-08,0,7253,0,1,Ddr,Gdm,1,GTW,3,135,0
510,QBUZZ,2024-10-08,0,7254,0,1,Gdm,Ddr,1,GTW,3,135,0
511,QBUZZ,2024-10-08,0,7255,0,1,Ddr,Gdm,1,GTW,3,135,0
512,QBUZZ,2024-10-08,0,7256,0,1,Gdm,Ddr,1,GTW,3,135,0
513,QBUZZ,2024-10-08,0,7257,0,1,Ddr,Gdm,1,GTW,3,135,0
514,QBUZZ,2024-10-08,0,7258,0,1,Gdm,Ddr,1,GTW,3,135,0
515,QBUZZ,2024-10-08,0,7259,0,1,Ddr,Gdm,1,GTW,3,135,0
516,QBUZZ,2024-10-08,0,7260,0,1,Gdm,Ddr,1,GTW,3,135,0
517,QBUZZ,2024-10-08,0,7261,0,1,Ddr,Gdm,1,GTW,3,135,0
518,QBUZZ,2024-10-08,0,7262,0,1,Gdm,Ddr,1,GTW,3,135,0
519,QBUZZ,2024-10-08,0,7263,0,1,Ddr,Gdm,1,GTW,3,135,0
520,QBUZZ,2024-10-08,0,7264,0,1,Gdm,Ddr,1,GTW,6,270,0
521,QBUZZ,2024-10-08,0,7265,0,1,Ddr,Gdm,1,GTW,6,270,0
522,QBUZZ,2024-10-08,0,7266,0,1,Gdm,Ddr,1,GTW,3,135,0
523,QBUZZ,2024-10-08,0,7267,0,1,Ddr,Gdm,1,GTW,3,135,0
524,QBUZZ,2024-10-08,0,7268,0,1,Gdm,Ddr,1,GTW,3,135,0
525,QBUZZ,2024-10-08,0,7269,0,1,Ddr,Gdm,1,GTW,3,135,0
526,QBUZZ,2024-10-08,0,7270,0,1,Gdm,Ddr,1,GTW,3,135,0
527,QBUZZ,2024-10-08,0,7271,0,1,Ddr,Gdm,1,GTW,3,135,0
528,QBUZZ,2024-10-08,0,7272,0,1,Gr,Ddr,1,GTW,3,135,0
529,QBUZZ,2024-10-08,0,7273,0,1,Ddr,Gdm,1,GTW,3,135,0
530,QBUZZ,2024-10-08,0,7274,0,1,Gdm,Ddr,1,GTW,3,135,0
531,QBUZZ,2024-10-08,0,7275,0,1,Ddr,Gdm,1,GTW,3,135,0
532,QBUZZ,2024-10-08,0,7278,0,1,Gdm,Ddr,1,GTW,3,135,0
533,QBUZZ,2024-10-08,0,7279,0,1,Ddr,Gdm,1,GTW,3,135,0
534,QBUZZ,2024-10-08,0,7282,0,1,Gdm,Ddr,1,GTW,3,135,0
535,QBUZZ,2024-10-08,0,7283,0,1,Ddr,Gdm,1,GTW,3,135,0
536,QBUZZ,2024-10-08,0,7286,0,1,Gdm,Ddr,1,GTW,3,135,0
537,QBUZZ,2024-10-08,0,7287,0,1,Ddr,Gdm,1,GTW,3,135,0
538,QBUZZ,2024-10-08,0,7290,0,1,Gdm,Ddr,1,GTW,3,135,0
539,QBUZZ,2024-10-08,0,7291,0,1,Ddr,Gdm,1,GTW,3,135,0
540,QBUZZ,2024-10-11,0,7112,0,1,Gr,Ddr,1,GTW,2,90,0
541,QBUZZ,2024-10-11,0,7114,0,1,Gr,Ddr,1,GTW,5,225,0
542,QBUZZ,2024-10-11,0,7116,0,1,Gr,Ddr,1,GTW,5,225,0
543,QBUZZ,2024-10-11,0,7117,0,1,Ddr,Gr,1,GTW,2,90,0
544,QBUZZ,2024-10-11,0,7118,0,1,Gr,Ddr,1,GTW,5,225,0
545,QBUZZ,2024-10-11,0,7119,0,1,Ddr,Gr,1,GTW,4,180,0
546,QBUZZ,2024-10-11,0,7120,0,1,Gr,Ddr,1,GTW,5,225,0
547,QBUZZ,2024-10-11,0,7121,0,1,Ddr,Gr,1,GTW,5,225,0
548,QBUZZ,2024-10-11,0,7122,0,1,Gr,Ddr,1,GTW,2,90,0
549,QBUZZ,2024-10-11,0,7123,0,1,Ddr,Gr,1,GTW,5,225,0
550,QBUZZ,2024-10-11,0,7124,0,1,Gr,Ddr,1,GTW,2,90,0
551,QBUZZ,2024-10-11,0,7125,0,1,Ddr,Gr,1,GTW,5,225,0
552,QBUZZ,2024-10-11,0,7126,0,1,Gr,Ddr,1,GTW,2,90,0
553,QBUZZ,2024-10-11,0,7127,0,1,Ddr,Gr,1,GTW,2,90,0
554,QBUZZ,2024-10-11,0,7128,0,1,Gr,Ddr,1,GTW,2,90,0
555,QBUZZ,2024-10-11,0,7129,0,1,Ddr,Gr,1,GTW,2,90,0
556,QBUZZ,2024-10-11,0,7130,0,1,Gr,Ddr,1,GTW,2,90,0
557,QBUZZ,2024-10-11,0,7131,0,1,Ddr,Gr,1,GTW,2,90,0
558,QBUZZ,2024-10-11,0,7132,0,1,Gr,Ddr,1,GTW,2,90,0
559,QBUZZ,2024-10-11,0,7133,0,1,Ddr,Gr,1,GTW,2,90,0
560,QBUZZ,2024-10-11,0,7134,0,1,Gr,Ddr,1,GTW,2,90,0
561,QBUZZ,2024-10-11,0,7135,0,1,Ddr,Gr,1,GTW,2,90,0
562,QBUZZ,2024-10-11,0,7136,0,1,Gr,Ddr,1,GTW,2,90,0
563,QBUZZ,2024-10-11,0,7137,0,1,Ddr,Gr,1,GTW,2,90,0
564,QBUZZ,2024-10-11,0,7138,0,1,Gr,Ddr,1,GTW,2,90,0
565,QBUZZ,2024-10-11,0,7139,0,1,Ddr,Gr,1,GTW,2,90,0
566,QBUZZ,2024-10-11,0,7140,0,1,Gr,Ddr,1,GTW,2,90,0
567,QBUZZ,2024-10-11,0,7141,0,1,Ddr,Gr,1,GTW,2,90,0
568,QBUZZ,2024-10-11,0,7142,0,1,Gr,Ddr,1,GTW,2,90,0
569,QBUZZ,2024-10-11,0,7143,0,1,Ddr,Gr,1,GTW,2,90,0
570,QBUZZ,2024-10-11,0,7144,0,1,Gr,Ddr,1,GTW,2,90,0
571,QBUZZ,2024-10-11,0,7145,0,1,Ddr,Gr,1,GTW,2,90,0
572,QBUZZ,2024-10-11,0,7146,0,1,Gr,Ddr,1,GTW,2,90,0
573,QBUZZ,2024-10-11,0,7147,0,1,Ddr,Gr,1,GTW,2,90,0
574,QBUZZ,2024-10-11,0,7148,0,1,Gr,Ddr,1,GTW,2,90,0
575,QBUZZ,2024-10-11,0,7149,0,1,Ddr,Gr,1,GTW,2,90,0
576,QBUZZ,2024-10-11,0,7150,0,1,Gr,Ddr,1,GTW,2,90,0
577,QBUZZ,2024-10-11,0,7151,0,1,Ddr,Gr,1,GTW,2,90,0
578,QBUZZ,2024-10-11,0,7152,0,1,Gr,Ddr,1,GTW,2,90,0
579,QBUZZ,2024-10-11,0,7153,0,1,Ddr,Gr,1,GTW,2,90,0
580,QBUZZ,2024-10-11,0,7154,0,1,Gr,Ddr,1,GTW,5,225,0
581,QBUZZ,2024-10-11,0,7155,0,1,Ddr,Gr,1,GTW,2,90,0
582,QBUZZ,2024-10-11,0,7156,0,1,Gr,Ddr,1,GTW,2,90,0
583,QBUZZ,2024-10-11,0,7157,0,1,Ddr,Gr,1,GTW,2,90,0
584,QBUZZ,2024-10-11,0,7158,0,1,Gr,Ddr,1,GTW,5,225,0
585,QBUZZ,2024-10-11,0,7159,0,1,Ddr,Gr,1,GTW,5,225,0
586,QBUZZ,2024-10-11,0,7160,0,1,Gr,Ddr,1,GTW,2,90,0
587,QBUZZ,2024-10-11,0,7161,0,1,Ddr,Gr,1,GTW,2,90,0
588,QBUZZ,2024-10-11,0,7162,0,1,Gr,Ddr,1,GTW,5,225,0
589,QBUZZ,2024-10-11,0,7163,0,1,Ddr,Gr,1,GTW,5,225,0
590,QBUZZ,2024-10-11,0,7164,0,1,Gr,Ddr,1,GTW,2,90,0
591,QBUZZ,2024-10-11,0,7165,0,1,Ddr,Gr,1,GTW,2,90,0
592,QBUZZ,2024-10-11,0,7167,0,1,Ddr,Gr,1,GTW,5,225,0
593,QBUZZ,2024-10-11,0,7169,0,1,Ddr,Gr,1,GTW,2,90,0
594,QBUZZ,2024-10-11,0,7176,0,1,Gr,Ddr,1,GTW,3,135,0
595,QBUZZ,2024-10-11,0,7177,0,1,Ddr,Gr,1,GTW,2,90,0
596,QBUZZ,2024-10-11,0,7180,0,1,Gr,Ddr,1,GTW,3,135,0
597,QBUZZ,2024-10-11,0,7181,0,1,Ddr,Gr,1,GTW,3,135,0
598,QBUZZ,2024-10-11,0,7184,0,1,Gr,Ddr,1,GTW,3,135,0
599,QBUZZ,2024-10-11,0,7185,0,1,Ddr,Gr,1,GTW,3,135,0
600,QBUZZ,2024-10-11,0,7188,0,1,Gr,Ddr,1,GTW,8,360,0
601,QBUZZ,2024-10-11,0,7189,0,1,Ddr,Gr,1,GTW,3,135,0
602,QBUZZ,2024-10-11,0,7193,0,1,Ddr,Gr,1,GTW,3,135,0
603,QBUZZ,2024-10-11,0,7210,0,1,Gr,Ddr,1,GTW,3,135,0
604,QBUZZ,2024-10-11,0,7212,0,1,Gr,Ddr,1,GTW,3,135,0
605,QBUZZ,2024-10-11,0,7214,0,1,Gdm,Ddr,1,GTW,3,135,0
606,QBUZZ,2024-10-11,0,7215,0,1,Ddr,Gdm,1,GTW,6,270,0
607,QBUZZ,2024-10-11,0,7216,0,1,Gdm,Ddr,1,GTW,3,135,0
608,QBUZZ,2024-10-11,0,7217,0,1,Ddr,Gdm,1,GTW,3,135,0
609,QBUZZ,2024-10-11,0,7218,0,1,Gdm,Ddr,1,GTW,6,270,0
610,QBUZZ,2024-10-11,0,7219,0,1,Ddr,Gdm,1,GTW,6,270,0
611,QBUZZ,2024-10-11,0,7220,0,1,Gdm,Ddr,1,GTW,3,135,0
612,QBUZZ,2024-10-11,0,7221,0,1,Ddr,Gdm,1,GTW,3,135,0
613,QBUZZ,2024-10-11,0,7222,0,1,Gdm,Ddr,1,GTW,3,135,0
614,QBUZZ,2024-10-11,0,7223,0,1,Ddr,Gdm,1,GTW,3,135,0
615,QBUZZ,2024-10-11,0,7224,0,1,Gdm,Ddr,1,GTW,3,135,0
616,QBUZZ,2024-10-11,0,7225,0,1,Ddr,Gdm,1,GTW,3,135,0
617,QBUZZ,2024-10-11,0,7226,0,1,Gdm,Ddr,1,GTW,3,135,0
618,QBUZZ,2024-10-11,0,7227,0,1,Ddr,Gdm,1,GTW,3,135,0
619,QBUZZ,2024-10-11,0,7228,0,1,Gdm,Ddr,1,GTW,3,135,0
620,QBUZZ,2024-10-11,0,7229,0,1,Ddr,Gdm,1,GTW,3,135,0
621,QBUZZ,2024-10-11,0,7230,0,1,Gdm,Ddr,1,GTW,3,135,0
622,QBUZZ,2024-10-11,0,7231,0,1,Ddr,Gdm,1,GTW,3,135,0
623,QBUZZ,2024-10-11,0,7232,0,1,Gdm,Ddr,1,GTW,3,135,0
624,QBUZZ,2024-10-11,0,7233,0,1,Ddr,Gdm,1,GTW,3,135,0
625,QBUZZ,2024-10-11,0,7234,0,1,Gdm,Ddr,1,GTW,3,135,0
626,QBUZZ,2024-10-11,0,7235,0,1,Ddr,Gdm,1,GTW,3,135,0
627,QBUZZ,2024-10-11,0,7236,0,1,Gdm,Ddr,1,GTW,3,135,0
628,QBUZZ,2024-10-11,0,7237,0,1,Ddr,Gdm,1,GTW,3,135,0
629,QBUZZ,2024-10-11,0,7238,0,1,Gdm,Ddr,1,GTW,3,135,0
630,QBUZZ,2024-10-11,0,7239,0,1,Ddr,Gdm,1,GTW,3,135,0
631,QBUZZ,2024-10-11,0,7240,0,1,Gdm,Ddr,1,GTW,3,135,0
632,QBUZZ,2024-10-11,0,7241,0,1,Ddr,Gdm,1,GTW,3,135,0
633,QBUZZ,2024-10-11,0,7242,0,1,Gdm,Ddr,1,GTW,3,135,0
634,QBUZZ,2024-10-11,0,7243,0,1,Ddr,Gdm,1,GTW,3,135,0
635,QBUZZ,2024-10-11,0,7244,0,1,Gdm,Ddr,1,GTW,3,135,0
636,QBUZZ,2024-10-11,0,7245,0,1,Ddr,Gdm,1,GTW,3,135,0
637,QBUZZ,2024-10-11,0,7246,0,1,Gdm,Ddr,1,GTW,3,135,0
638,QBUZZ,2024-10-11,0,7247,0,1,Ddr,Gdm,1,GTW,3,135,0
639,QBUZZ,2024-10-11,0,7248,0,1,Gdm,Ddr,1,GTW,3,135,0
640,QBUZZ,2024-10-11,0,7249,0,1,Ddr,Gdm,1,GTW,3,135,0
641,QBUZZ,2024-10-11,0,7250,0,1,Gdm,Ddr,1,GTW,3,135,0
642,QBUZZ,2024-10-11,0,7251,0,1,Ddr,Gdm,1,GTW,3,135,0
643,QBUZZ,2024-10-11,0,7252,0,1,Gdm,Ddr,1,GTW,3,135,0
644,QBUZZ,2024-10-11,0,7253,0,1,Ddr,Gdm,1,GTW,3,135,0
645,QBUZZ,2024-10-11,0,7254,0,1,Gdm,Ddr,1,GTW,3,135,0
646,QBUZZ,2024-10-11,0,7255,0,1,Ddr,Gdm,1,GTW,3,135,0
647,QBUZZ,2024-10-11,0,7256,0,1,Gdm,Ddr,1,GTW,3,135,0
648,QBUZZ,2024-10-11,0,7257,0,1,Ddr,Gdm,1,GTW,3,135,0
649,QBUZZ,2024-10-11,0,7258,0,1,Gdm,Ddr,1,GTW,3,135,0
650,QBUZZ,2024-10-11,0,7259,0,1,Ddr,Gdm,1,GTW,3,135,0
651,QBUZZ,2024-10-11,0,7260,0,1,Gdm,Ddr,1,GTW,3,135,0
652,QBUZZ,2024-10-11,0,7261,0,1,Ddr,Gdm,1,GTW,3,135,0
653,QBUZZ,2024-10-11,0,7262,0,1,Gdm,Ddr,1,GTW,3,135,0
654,QBUZZ,2024-10-11,0,7263,0,1,Ddr,Gdm,1,GTW,3,135,0
655,QBUZZ,2024-10-11,0,7264,0,1,Gdm,Ddr,1,GTW,6,270,0
656,QBUZZ,2024-10-11,0,7265,0,1,Ddr,Gdm,1,GTW,6,270,0
657,QBUZZ,2024-10-11,0,7266,0,1,Gdm,Ddr,1,GTW,3,135,0
658,QBUZZ,2024-10-11,0,7267,0,1,Ddr,Gdm,1,GTW,3,135,0
659,QBUZZ,2024-10-11,0,7268,0,1,Gdm,Ddr,1,GTW,3,135,0
660,QBUZZ,2024-10-11,0,7269,0,1,Ddr,Gdm,1,GTW,3,135,0
661,QBUZZ,2024-10-11,0,7270,0,1,Gdm,Ddr,1,GTW,3,135,0
662,QBUZZ,2024-10-11,0,7271,0,1,Ddr,Gdm,1,GTW,3,135,0
663,QBUZZ,2024-10-11,0,7272,0,1,Gr,Ddr,1,GTW,3,135,0
664,QBUZZ,2024-10-11,0,7273,0,1,Ddr,Gdm,1,GTW,3,135,0
665,QBUZZ,2024-10-11,0,7274,0,1,Gdm,Ddr,1,GTW,3,135,0
666,QBUZZ,2024-10-11,0,7275,0,1,Ddr,Gdm,1,GTW,3,135,0
667,QBUZZ,2024-10-11,0,7278,0,1,Gdm,Ddr,1,GTW,3,135,0
668,QBUZZ,2024-10-11,0,7279,0,1,Ddr,Gdm,1,GTW,3,135,0
669,QBUZZ,2024-10-11,0,7282,0,1,Gdm,Ddr,1,GTW,3,135,0
670,QBUZZ,2024-10-11,0,7283,0,1,Ddr,Gdm,1,GTW,3,135,0
671,QBUZZ,2024-10-11,0,7286,0,1,Gdm,Ddr,1,GTW,3,135,0
672,QBUZZ,2024-10-11,0,7287,0,1,Ddr,Gdm,1,GTW,3,135,0
673,QBUZZ,2024-10-11,0,7290,0,1,Gdm,Ddr,1,GTW,3,135,0
674,QBUZZ,2024-10-11,0,7291,0,1,Ddr,Gdm,1,GTW,3,135,0
675,QBUZZ,2024-10-12,0,7120,0,1,Gr,Ddr,1,GTW,5,225,0
676,QBUZZ,2024-10-12,0,7122,0,1,Gr,Ddr,1,GTW,2,90,0
677,QBUZZ,2024-10-12,0,7124,0,1,Gr,Ddr,1,GTW,2,90,0
678,QBUZZ,2024-10-12,0,7125,0,1,Ddr,Gr,1,GTW,5,225,0
679,QBUZZ,2024-10-12,0,7126,0,1,Gr,Ddr,1,GTW,2,90,0
680,QBUZZ,2024-10-12,0,7127,0,1,Ddr,Gr,1,GTW,2,90,0
681,QBUZZ,2024-10-12,0,7128,0,1,Gr,Ddr,1,GTW,2,90,0
682,QBUZZ,2024-10-12,0,7129,0,1,Ddr,Gr,1,GTW,2,90,0
683,QBUZZ,2024-10-12,0,7130,0,1,Gr,Ddr,1,GTW,2,90,0
684,QBUZZ,2024-10-12,0,7131,0,1,Ddr,Gr,1,GTW,2,90,0
685,QBUZZ,2024-10-12,0,7132,0,1,Gr,Ddr,1,GTW,2,90,0
686,QBUZZ,2024-10-12,0,7133,0,1,Ddr,Gr,1,GTW,2,90,0
687,QBUZZ,2024-10-12,0,7134,0,1,Gr,Ddr,1,GTW,2,90,0
688,QBUZZ,2024-10-12,0,7135,0,1,Ddr,Gr,1,GTW,2,90,0
689,QBUZZ,2024-10-12,0,7136,0,1,Gr,Ddr,1,GTW,2,90,0
690,QBUZZ,2024-10-12,0,7137,0,1,Ddr,Gr,1,GTW,2,90,0
691,QBUZZ,2024-10-12,0,7138,0,1,Gr,Ddr,1,GTW,2,90,0
692,QBUZZ,2024-10-12,0,7139,0,1,Ddr,Gr,1,GTW,2,90,0
693,QBUZZ,2024-10-12,0,7140,0,1,Gr,Ddr,1,GTW,2,90,0
694,QBUZZ,2024-10-12,0,7141,0,1,Ddr,Gr,1,GTW,2,90,0
695,QBUZZ,2024-10-12,0,7142,0,1,Gr,Ddr,1,GTW,2,90,0
696,QBUZZ,2024-10-12,0,7143,0,1,Ddr,Gr,1,GTW,2,90,0
697,QBUZZ,2024-10-12,0,7144,0,1,Gr,Ddr,1,GTW,2,90,0
698,QBUZZ,2024-10-12,0,7145,0,1,Ddr,Gr,1,GTW,2,90,0
699,QBUZZ,2024-10-12,0,7146,0,1,Gr,Ddr,1,GTW,2,90,0
700,QBUZZ,2024-10-12,0,7147,0,1,Ddr,Gr,1,GTW,2,90,0
701,QBUZZ,2024-10-12,0,7148,0,1,Gr,Ddr,1,GTW,2,90,0
702,QBUZZ,2024-10-12,0,7149,0,1,Ddr,Gr,1,GTW,2,90,0
703,QBUZZ,2024-10-12,0,7150,0,1,Gr,Ddr,1,GTW,2,90,0
704,QBUZZ,2024-10-12,0,7151,0,1,Ddr,Gr,1,GTW,2,90,0
705,QBUZZ,2024-10-12,0,7152,0,1,Gr,Ddr,1,GTW,2,90,0
706,QBUZZ,2024-10-12,0,7153,0,1,Ddr,Gr,1,GTW,2,90,0
707,QBUZZ,2024-10-12,0,7154,0,1,Gr,Ddr,1,GTW,5,225,0
708,QBUZZ,2024-10-12,0,7155,0,1,Ddr,Gr,1,GTW,2,90,0
709,QBUZZ,2024-10-12,0,7156,0,1,Gr,Ddr,1,GTW,2,90,0
710,QBUZZ,2024-10-12,0,7157,0,1,Ddr,Gr,1,GTW,2,90,0
711,QBUZZ,2024-10-12,0,7158,0,1,Gr,Ddr,1,GTW,5,225,0
712,QBUZZ,2024-10-12,0,7159,0,1,Ddr,Gr,1,GTW,5,225,0
713,QBUZZ,2024-10-12,0,7160,0,1,Gr,Ddr,1,GTW,2,90,0
714,QBUZZ,2024-10-12,0,7161,0,1,Ddr,Gr,1,GTW,2,90,0
715,QBUZZ,2024-10-12,0,7163,0,1,Ddr,Gr,1,GTW,5,225,0
716,QBUZZ,2024-10-12,0,7165,0,1,Ddr,Gr,1,GTW,2,90,0
717,QBUZZ,2024-10-12,0,7176,0,1,Gr,Ddr,1,GTW,3,135,0
718,QBUZZ,2024-10-12,0,7177,0,1,Ddr,Gr,1,GTW,2,90,0
719,QBUZZ,2024-10-12,0,7180,0,1,Gr,Ddr,1,GTW,3,135,0
720,QBUZZ,2024-10-12,0,7181,0,1,Ddr,Gr,1,GTW,3,135,0
721,QBUZZ,2024-10-12,0,7184,0,1,Gr,Ddr,1,GTW,3,135,0
722,QBUZZ,2024-10-12,0,7185,0,1,Ddr,Gr,1,GTW,3,135,0
723,QBUZZ,2024-10-12,0,7188,0,1,Gr,Ddr,1,GTW,8,360,0
724,QBUZZ,2024-10-12,0,7189,0,1,Ddr,Gr,1,GTW,3,135,0
725,QBUZZ,2024-10-12,0,7193,0,1,Ddr,Gr,1,GTW,3,135,0
726,QBUZZ,2024-10-12,0,7212,0,1,Gr,Ddr,1,GTW,3,135,0
727,QBUZZ,2024-10-12,0,7214,0,1,Gr,Ddr,1,GTW,3,135,0
728,QBUZZ,2024-10-12,0,7216,0,1,Gdm,Ddr,1,GTW,3,135,0
729,QBUZZ,2024-10-12,0,7217,0,1,Ddr,Gdm,1,GTW,3,135,0
730,QBUZZ,2024-10-12,0,7218,0,1,Gdm,Ddr,1,GTW,6,270,0
731,QBUZZ,2024-10-12,0,7219,0,1,Ddr,Gdm,1,GTW,6,270,0
732,QBUZZ,2024-10-12,0,7220,0,1,Gdm,Ddr,1,GTW,3,135,0
733,QBUZZ,2024-10-12,0,7221,0,1,Ddr,Gdm,1,GTW,3,135,0
734,QBUZZ,2024-10-12,0,7222,0,1,Gdm,Ddr,1,GTW,3,135,0
735,QBUZZ,2024-10-12,0,7223,0,1,Ddr,Gdm,1,GTW,3,135,0
736,QBUZZ,2024-10-12,0,7224,0,1,Gdm,Ddr,1,GTW,3,135,0
737,QBUZZ,2024-10-12,0,7225,0,1,Ddr,Gdm,1,GTW,3,135,0
738,QBUZZ,2024-10-12,0,7226,0,1,Gdm,Ddr,1,GTW,3,135,0
739,QBUZZ,2024-10-12,0,7227,0,1,Ddr,Gdm,1,GTW,3,135,0
740,QBUZZ,2024-10-12,0,7228,0,1,Gdm,Ddr,1,GTW,3,135,0
741,QBUZZ,2024-10-12,0,7229,0,1,Ddr,Gdm,1,GTW,3,135,0
742,QBUZZ,2024-10-12,0,7230,0,1,Gdm,Ddr,1,GTW,3,135,0
743,QBUZZ,2024-10-12,0,7231,0,1,Ddr,Gdm,1,GTW,3,135,0
744,QBUZZ,2024-10-12,0,7232,0,1,Gdm,Ddr,1,GTW,3,135,0
745,QBUZZ,2024-10-12,0,7233,0,1,Ddr,Gdm,1,GTW,3,135,0
746,QBUZZ,2024-10-12,0,7234,0,1,Gdm,Ddr,1,GTW,3,135,0
747,QBUZZ,2024-10-12,0,7235,0,1,Ddr,Gdm,1,GTW,3,135,0
748,QBUZZ,2024-10-12,0,7236,0,1,Gdm,Ddr,1,GTW,3,135,0
749,QBUZZ,2024-10-12,0,7237,0,1,Ddr,Gdm,1,GTW,3,135,0
750,QBUZZ,2024-10-12,0,7238,0,1,Gdm,Ddr,1,GTW,3,135,0
751,QBUZZ,2024-10-12,0,7239,0,1,Ddr,Gdm,1,GTW,3,135,0
752,QBUZZ,2024-10-12,0,7240,0,1,Gdm,Ddr,1,GTW,3,135,0
753,QBUZZ,2024-10-12,0,7241,0,1,Ddr,Gdm,1,GTW,3,135,0
754,QBUZZ,2024-10-12,0,7242,0,1,Gdm,Ddr,1,GTW,3,135,0
755,QBUZZ,2024-10-12,0,7243,0,1,Ddr,Gdm,1,GTW,3,135,0
756,QBUZZ,2024-10-12,0,7244,0,1,Gdm,Ddr,1,GTW,3,135,0
757,QBUZZ,2024-10-12,0,7245,0,1,Ddr,Gdm,1,GTW,3,135,0
758,QBUZZ,2024-10-12,0,7246,0,1,Gdm,Ddr,1,GTW,3,135,0
759,QBUZZ,2024-10-12,0,7247,0,1,Ddr,Gdm,1,GTW,3,135,0
760,QBUZZ,2024-10-12,0,7248,0,1,Gdm,Ddr,1,GTW,3,135,0
761,QBUZZ,2024-10-12,0,7249,0,1,Ddr,Gdm,1,GTW,3,135,0
762,QBUZZ,2024-10-12,0,7250,0,1,Gdm,Ddr,1,GTW,3,135,0
763,QBUZZ,2024-10-12,0,7251,0,1,Ddr,Gdm,1,GTW,3,135,0
764,QBUZZ,2024-10-12,0,7252,0,1,Gdm,Ddr,1,GTW,3,135,0
765,QBUZZ,2024-10-12,0,7253,0,1,Ddr,Gdm,1,GTW,3,135,0
766,QBUZZ,2024-10-12,0,7254,0,1,Gdm,Ddr,1,GTW,3,135,0
767,QBUZZ,2024-10-12,0,7255,0,1,Ddr,Gdm,1,GTW,3,135,0
768,QBUZZ,2024-10-12,0,7256,0,1,Gdm,Ddr,1,GTW,3,135,0
769,QBUZZ,2024-10-12,0,7257,0,1,Ddr,Gdm,1,GTW,3,135,0
770,QBUZZ,2024-10-12,0,7258,0,1,Gdm,Ddr,1,GTW,3,135,0
771,QBUZZ,2024-10-12,0,7259,0,1,Ddr,Gdm,1,GTW,3,135,0
772,QBUZZ,2024-10-12,0,7260,0,1,Gdm,Ddr,1,GTW,3,135,0
773,QBUZZ,2024-10-12,0,7261,0,1,Ddr,Gdm,1,GTW,3,135,0
774,QBUZZ,2024-10-12,0,7262,0,1,Gdm,Ddr,1,GTW,3,135,0
775,QBUZZ,2024-10-12,0,7263,0,1,Ddr,Gdm,1,GTW,3,135,0
776,QBUZZ,2024-10-12,0,7264,0,1,Gdm,Ddr,1,GTW,6,270,0
777,QBUZZ,2024-10-12,0,7265,0,1,Ddr,Gdm,1,GTW,6,270,0
778,QBUZZ,2024-10-12,0,7266,0,1,Gdm,Ddr,1,GTW,3,135,0
779,QBUZZ,2024-10-12,0,7267,0,1,Ddr,Gdm,1,GTW,3,135,0
780,QBUZZ,2024-10-12,0,7268,0,1,Gdm,Ddr,1,GTW,3,135,0
781,QBUZZ,2024-10-12,0,7269,0,1,Ddr,Gdm,1,GTW,3,135,0
782,QBUZZ,2024-10-12,0,7270,0,1,Gdm,Ddr,1,GTW,3,135,0
783,QBUZZ,2024-10-12,0,7271,0,1,Ddr,Gdm,1,GTW,3,135,0
784,QBUZZ,2024-10-12,0,7272,0,1,Gr,Ddr,1,GTW,3,135,0
785,QBUZZ,2024-10-12,0,7273,0,1,Ddr,Gdm,1,GTW,3,135,0
786,QBUZZ,2024-10-12,0,7274,0,1,Gdm,Ddr,1,GTW,3,135,0
787,QBUZZ,2024-10-12,0,7275,0,1,Ddr,Gdm,1,GTW,3,135,0
788,QBUZZ,2024-10-12,0,7278,0,1,Gdm,Ddr,1,GTW,3,135,0
789,QBUZZ,2024-10-12,0,7279,0,1,Ddr,Gdm,1,GTW,3,135,0
790,QBUZZ,2024-10-12,0,7282,0,1,Gdm,Ddr,1,GTW,3,135,0
791,QBUZZ,2024-10-12,0,7283,0,1,Ddr,Gdm,1,GTW,3,135,0
792,QBUZZ,2024-10-12,0,7286,0,1,Gdm,Ddr,1,GTW,3,135,0
793,QBUZZ,2024-10-12,0,7287,0,1,Ddr,Gdm,1,GTW,3,135,0
794,QBUZZ,2024-10-12,0,7290,0,1,Gdm,Ddr,1,GTW,3,135,0
795,QBUZZ,2024-10-12,0,7291,0,1,Ddr,Gdm,1,GTW,3,135,0
796,QBUZZ,2024-10-13,0,7116,0,1,Gr,Ddr,1,GTW,2,90,0
797,QBUZZ,2024-10-13,0,7120,0,1,Gr,Ddr,1,GTW,2,90,0
798,QBUZZ,2024-10-13,0,7121,0,1,Ddr,Gr,1,GTW,2,90,0
799,QBUZZ,2024-10-13,0,7124,0,1,Gr,Ddr,1,GTW,2,90,0
800,QBUZZ,2024-10-13,0,7125,0,1,Ddr,Gr,1,GTW,2,90,0
801,QBUZZ,2024-10-13,0,7128,0,1,Gr,Ddr,1,GTW,2,90,0
802,QBUZZ,2024-10-13,0,7129,0,1,Ddr,Gr,1,GTW,2,90,0
803,QBUZZ,2024-10-13,0,7132,0,1,Gr,Ddr,1,GTW,2,90,0
804,QBUZZ,2024-10-13,0,7133,0,1,Ddr,Gr,1,GTW,2,90,0
805,QBUZZ,2024-10-13,0,7136,0,1,Gr,Ddr,1,GTW,2,90,0
806,QBUZZ,2024-10-13,0,7137,0,1,Ddr,Gr,1,GTW,2,90,0
807,QBUZZ,2024-10-13,0,7140,0,1,Gr,Ddr,1,GTW,2,90,0
808,QBUZZ,2024-10-13,0,7141,0,1,Ddr,Gr,1,GTW,2,90,0
809,QBUZZ,2024-10-13,0,7144,0,1,Gr,Ddr,1,GTW,2,90,0
810,QBUZZ,2024-10-13,0,7145,0,1,Ddr,Gr,1,GTW,2,90,0
811,QBUZZ,2024-10-13,0,7148,0,1,Gr,Ddr,1,GTW,2,90,0
812,QBUZZ,2024-10-13,0,7149,0,1,Ddr,Gr,1,GTW,2,90,0
813,QBUZZ,2024-10-13,0,7152,0,1,Gr,Ddr,1,GTW,2,90,0
814,QBUZZ,2024-10-13,0,7153,0,1,Ddr,Gr,1,GTW,2,90,0
815,QBUZZ,2024-10-13,0,7156,0,1,Gr,Ddr,1,GTW,2,90,0
816,QBUZZ,2024-10-13,0,7157,0,1,Ddr,Gr,1,GTW,2,90,0
817,QBUZZ,2024-10-13,0,7160,0,1,Gr,Ddr,1,GTW,2,90,0
818,QBUZZ,2024-10-13,0,7161,0,1,Ddr,Gr,1,GTW,2,90,0
819,QBUZZ,2024-10-13,0,7164,0,1,Gr,Ddr,1,GTW,2,90,0
820,QBUZZ,2024-10-13,0,7165,0,1,Ddr,Gr,1,GTW,2,90,0
821,QBUZZ,2024-10-13,0,7168,0,1,Ddr,Gr,1,GTW,2,90,0
822,QBUZZ,2024-10-13,0,7169,0,1,Ddr,Gr,1,GTW,2,90,0
823,QBUZZ,2024-10-13,0,7172,0,1,Ddr,Gr,1,GTW,2,90,0
824,QBUZZ,2024-10-13,0,7173,0,1,Ddr,Gr,1,GTW,2,90,0
825,QBUZZ,2024-10-13,0,7176,0,1,Gr,Ddr,1,GTW,2,90,0
826,QBUZZ,2024-10-13,0,7177,0,1,Ddr,Gr,1,GTW,2,90,0
827,QBUZZ,2024-10-13,0,7180,0,1,Gr,Ddr,1,GTW,2,90,0
828,QBUZZ,2024-10-13,0,7181,0,1,Ddr,Gr,1,GTW,2,90,0
829,QBUZZ,2024-10-13,0,7184,0,1,Gr,Ddr,1,GTW,2,90,0
830,QBUZZ,2024-10-13,0,7185,0,1,Ddr,Gr,1,GTW,2,90,0
831,QBUZZ,2024-10-13,0,7189,0,1,Ddr,Gr,1,GTW,2,90,0
832,QBUZZ,2024-10-13,0,7192,0,1,Gr,Ddr,1,GTW,2,90,0
833,QBUZZ,2024-10-13,0,7193,0,1,Ddr,Gr,1,GTW,2,90,0
834,QBUZZ,2024-10-13,0,7218,0,1,Gr,Ddr,1,GTW,3,135,0
835,QBUZZ,2024-10-13,0,7222,0,1,Gdm,Ddr,1,GTW,3,135,0
836,QBUZZ,2024-10-13,0,7223,0,1,Ddr,Gdm,1,GTW,3,135,0
837,QBUZZ,2024-10-13,0,7226,0,1,Gdm,Ddr,1,GTW,3,135,0
838,QBUZZ,2024-10-13,0,7227,0,1,Ddr,Gdm,1,GTW,3,135,0
839,QBUZZ,2024-10-13,0,7230,0,1,Gdm,Ddr,1,GTW,3,135,0
840,QBUZZ,2024-10-13,0,7231,0,1,Ddr,Gdm,1,GTW,3,135,0
841,QBUZZ,2024-10-13,0,7234,0,1,Gdm,Ddr,1,GTW,3,135,0
842,QBUZZ,2024-10-13,0,7235,0,1,Ddr,Gdm,1,GTW,3,135,0
843,QBUZZ,2024-10-13,0,7238,0,1,Gdm,Ddr,1,GTW,3,135,0
844,QBUZZ,2024-10-13,0,7239,0,1,Ddr,Gdm,1,GTW,3,135,0
845,QBUZZ,2024-10-13,0,7242,0,1,Gdm,Ddr,1,GTW,3,135,0
846,QBUZZ,2024-10-13,0,7243,0,1,Ddr,Gdm,1,GTW,3,135,0
847,QBUZZ,2024-10-13,0,7246,0,1,Gdm,Ddr,1,GTW,3,135,0
848,QBUZZ,2024-10-13,0,7247,0,1,Ddr,Gdm,1,GTW,3,135,0
849,QBUZZ,2024-10-13,0,7250,0,1,Gdm,Ddr,1,GTW,3,135,0
850,QBUZZ,2024-10-13,0,7251,0,1,Ddr,Gdm,1,GTW,3,135,0
851,QBUZZ,2024-10-13,0,7254,0,1,Gdm,Ddr,1,GTW,3,135,0
852,QBUZZ,2024-10-13,0,7255,0,1,Ddr,Gdm,1,GTW,3,135,0
853,QBUZZ,2024-10-13,0,7258,0,1,Gdm,Ddr,1,GTW,3,135,0
854,QBUZZ,2024-10-13,0,7259,0,1,Ddr,Gdm,1,GTW,3,135,0
855,QBUZZ,2024-10-13,0,7262,0,1,Gdm,Ddr,1,GTW,3,135,0
856,QBUZZ,2024-10-13,0,7263,0,1,Ddr,Gdm,1,GTW,3,135,0
857,QBUZZ,2024-10-13,0,7266,0,1,Gdm,Ddr,1,GTW,3,135,0
858,QBUZZ,2024-10-13,0,7267,0,1,Ddr,Gdm,1,GTW,3,135,0
859,QBUZZ,2024-10-13,0,7270,0,1,Gdm,Ddr,1,GTW,3,135,0
860,QBUZZ,2024-10-13,0,7271,0,1,Ddr,Gdm,1,GTW,3,135,0
861,QBUZZ,2024-10-13,0,7274,0,1,Gdm,Ddr,1,GTW,3,135,0
862,QBUZZ,2024-10-13,0,7275,0,1,Ddr,Gdm,1,GTW,3,135,0
863,QBUZZ,2024-10-13,0,7278,0,1,Gdm,Ddr,1,GTW,3,135,0
864,QBUZZ,2024-10-13,0,7279,0,1,Ddr,Gdm,1,GTW,3,135,0
865,QBUZZ,2024-10-13,0,7282,0,1,Gdm,Ddr,1,GTW,3,135,0
866,QBUZZ,2024-10-13,0,7283,0,1,Ddr,Gdm,1,GTW,3,135,0
867,QBUZZ,2024-10-13,0,7286,0,1,Gdm,Ddr,1,GTW,3,135,0
868,QBUZZ,2024-10-13,0,7287,0,1,Ddr,Gdm,1,GTW,3,135,0
869,QBUZZ,2024-10-13,0,7290,0,1,Gdm,Ddr,1,GTW,3,135,0
870,QBUZZ,2024-10-13,0,7291,0,1,Ddr,Gdm,1,GTW,3,135,0
